# GENERATED by scripts/content/import-cldr.ts — do not edit by hand; re-run the importer.
# Unicode CLDR 48.0 via ICU 78.2 (Node 22.22.2).
# Licence: Unicode License v3 — https://www.unicode.org/license.txt
#source: unicode-cldr
key	kind	pos	cefr	skill	topic	en	de	es	nl	tr	situation	flags
day-mon	w	noun	A1	days	weekdays	Monday	Montag {m}	lunes {m}	maandag	Pazartesi		proper
day-tue	w	noun	A1	days	weekdays	Tuesday	Dienstag {m}	martes {m}	dinsdag	Salı		proper
day-wed	w	noun	A1	days	weekdays	Wednesday	Mittwoch {m}	miércoles {m}	woensdag	Çarşamba		proper
day-thu	w	noun	A1	days	weekdays	Thursday	Donnerstag {m}	jueves {m}	donderdag	Perşembe		proper
day-fri	w	noun	A1	days	weekdays	Friday	Freitag {m}	viernes {m}	vrijdag	Cuma		proper
day-sat	w	noun	A1	days	weekdays	Saturday	Samstag {m}	sábado {m}	zaterdag	Cumartesi		proper
day-sun	w	noun	A1	days	weekdays	Sunday	Sonntag {m}	domingo {m}	zondag	Pazar		proper
month-jan	w	noun	A2	months	months	January	Januar {m}	enero {m}	januari	Ocak		proper
month-feb	w	noun	A2	months	months	February	Februar {m}	febrero {m}	februari	Şubat		proper
month-mar	w	noun	A2	months	months	March	März {m}	marzo {m}	maart	Mart		proper
month-apr	w	noun	A2	months	months	April	April {m}	abril {m}	april	Nisan		proper
month-may	w	noun	A2	months	months	May	Mai {m}	mayo {m}	mei	Mayıs		proper
month-jun	w	noun	A2	months	months	June	Juni {m}	junio {m}	juni	Haziran		proper
month-jul	w	noun	A2	months	months	July	Juli {m}	julio {m}	juli	Temmuz		proper
month-aug	w	noun	A2	months	months	August	August {m}	agosto {m}	augustus	Ağustos		proper
month-sep	w	noun	A2	months	months	September	September {m}	septiembre {m}	september	Eylül		proper
month-oct	w	noun	A2	months	months	October	Oktober {m}	octubre {m}	oktober	Ekim		proper
month-nov	w	noun	A2	months	months	November	November {m}	noviembre {m}	november	Kasım		proper
month-dec	w	noun	A2	months	months	December	Dezember {m}	diciembre {m}	december	Aralık		proper
country-de	w	noun	A1	countries	countries	Germany	Deutschland	Alemania	Duitsland	Almanya		proper
country-es	w	noun	A1	countries	countries	Spain	Spanien	España	Spanje	İspanya		proper
country-nl	w	noun	A1	countries	countries	Netherlands	Niederlande	Países Bajos	Nederland	Hollanda		proper
country-tr	w	noun	A1	countries	countries	Türkiye	Türkei	Turquía	Turkije	Türkiye		proper
country-gb	w	noun	A1	countries	countries	United Kingdom	Vereinigtes Königreich	Reino Unido	Verenigd Koninkrijk	Birleşik Krallık		proper
country-us	w	noun	A1	countries	countries	United States	Vereinigte Staaten	Estados Unidos	Verenigde Staten	Amerika Birleşik Devletleri		proper
country-fr	w	noun	A1	countries	countries	France	Frankreich	Francia	Frankrijk	Fransa		proper
country-it	w	noun	A1	countries	countries	Italy	Italien	Italia	Italië	İtalya		proper
country-at	w	noun	A1	countries	countries	Austria	Österreich	Austria	Oostenrijk	Avusturya		proper
country-ch	w	noun	A1	countries	countries	Switzerland	Schweiz	Suiza	Zwitserland	İsviçre		proper
country-be	w	noun	A1	countries	countries	Belgium	Belgien	Bélgica	België	Belçika		proper
country-pt	w	noun	A1	countries	countries	Portugal	Portugal	Portugal	Portugal	Portekiz		proper
country-gr	w	noun	A1	countries	countries	Greece	Griechenland	Grecia	Griekenland	Yunanistan		proper
country-pl	w	noun	A1	countries	countries	Poland	Polen	Polonia	Polen	Polonya		proper
lang-de	w	noun	A1	languages	language-names	German	Deutsch {n}	alemán {m}	Duits {n}	Almanca		proper
lang-es	w	noun	A1	languages	language-names	Spanish	Spanisch {n}	español {m}	Spaans {n}	İspanyolca		proper
lang-nl	w	noun	A1	languages	language-names	Dutch	Niederländisch {n}	neerlandés {m}	Nederlands {n}	Felemenkçe		proper
lang-tr	w	noun	A1	languages	language-names	Turkish	Türkisch {n}	turco {m}	Turks {n}	Türkçe		proper
lang-en	w	noun	A1	languages	language-names	English	Englisch {n}	inglés {m}	Engels {n}	İngilizce		proper
lang-fr	w	noun	A1	languages	language-names	French	Französisch {n}	francés {m}	Frans {n}	Fransızca		proper
lang-it	w	noun	A1	languages	language-names	Italian	Italienisch {n}	italiano {m}	Italiaans {n}	İtalyanca		proper
lang-pt	w	noun	A1	languages	language-names	Portuguese	Portugiesisch {n}	portugués {m}	Portugees {n}	Portekizce		proper
lang-ar	w	noun	A1	languages	language-names	Arabic	Arabisch {n}	árabe {m}	Arabisch {n}	Arapça		proper
